{
  "coral": {
    "x": 392.275,
    "y": 493.54999999999995
  },
  "possibility-team": {
    "x": 532.4248153703381,
    "y": -234.14004363620904
  },
  "self-editing": {
    "x": 630.4499999999999,
    "y": 168.45833333333334
  },
  "mogotes": {
    "x": -463.1776653230585,
    "y": 101.27037093106985
  },
  "tldraw": {
    "x": 384.73333333333335,
    "y": 72.29166666666671
  },
  "ezequiel": {
    "x": -452.1435951661162,
    "y": -164.4391070828746
  },
  "casa-nami": {
    "x": -142.98315710122264,
    "y": 106.10002349761477
  },
  "agroeco": {
    "x": -144.90841557498499,
    "y": -166.13465424605525
  },
  "startover-toroid": {
    "x": 248.6333333333334,
    "y": -153.99166666666665
  },
  "webenv": {
    "x": 155.86666666666665,
    "y": 268.6583333333333
  }
}