{
  "coral": {
    "x": 392.275,
    "y": 493.54999999999995
  },
  "possibility-team": {
    "x": 404.65331745695823,
    "y": -146.25716753893465
  },
  "self-editing": {
    "x": 429.3746278601086,
    "y": 67.28833477238173
  },
  "mogotes": {
    "x": -527.3940237357714,
    "y": -99.20957815555452
  },
  "tldraw": {
    "x": 143.83137254901965,
    "y": -348.52532679738556
  },
  "ezequiel": {
    "x": -525.8472329195233,
    "y": -289.40696893866607
  },
  "casa-nami": {
    "x": -248.69216999186654,
    "y": -103.17441759401177
  },
  "agroeco": {
    "x": -245.80122603250132,
    "y": -290.626157514029
  },
  "startover-toroid": {
    "x": 535.4546840958608,
    "y": -377.2901416122004
  },
  "webenv": {
    "x": 104.32946060911334,
    "y": 417.3799850994157
  },
  "test": {
    "x": 116.9478991596639,
    "y": -91.8784936196701
  }
}